Title,url
|Hearty and Healthy, Autumn Turkey Dinner|,https://www.skinnykitchen.com/recipes/hearty-and-healthy-autumn-turkey-dinner/
|Hooray, it’s Skinny Kitchen&#8217;s 2nd Birthday and I&#8217;m Celebrating with a Skinnyfabulous Red Velvet Cake!|,https://www.skinnykitchen.com/recipes/skinnyfabulous-red-velvet-cake/
|15 Back to School Dinners, Quick and Healthy!|,https://www.skinnykitchen.com/recipes/15-back-to-school-dinners-quick-and-healthy/
2 Homemade Popcorn Recipes You&#8217;ll Love,https://www.skinnykitchen.com/recipes/2-homemade-popcorn-recipes-youll-love/
|2 Minute, Microwave Skinny Omelette|,https://www.skinnykitchen.com/recipes/2-minute-microwave-skinny-omelette/
|2 Simple Skinny Treats, No Baking Required!|,https://www.skinnykitchen.com/recipes/2-simple-skinny-treats-no-baking-required/
|2 Skinny, Hearty Brisket Recipes|,https://www.skinnykitchen.com/recipes/2-skinny-hearty-brisket-recipes/
|25 Recipes for Cinco De Mayo, Skinny-fied|,https://www.skinnykitchen.com/recipes/25-recipes-for-cinco-de-mayo-skinnyfied/
|3 Terrific, Skinny Mashed Potato Recipes and a Yummy Low Calorie Gravy with Just 1 Weight Watchers POINTS PLUS!|,https://www.skinnykitchen.com/recipes/3-terrific-skinny-mashed-potato-recipes-and-a-yummy-low-calorie-gravy-with-just-1-weight-watchers-points-plus/
|30 Calorie Blended Iced Coffee (Sugar-free, Dairy-free, Paleo, Gluten-free, 1 SmartPoints)|,https://www.skinnykitchen.com/recipes/30-calorie-blended-iced-coffee-sugar-free-dairy-free-paleo-gluten-free-1-smartpoints/
|34 Calorie Mocha Shake (5 Ingredients, 1 SmartPoints)|,https://www.skinnykitchen.com/recipes/34-calorie-mocha-shake-5-ingredients-1-smartpoints/
|4 Easy, Skinny Egg Salad Recipes|,https://www.skinnykitchen.com/recipes/4-easy-skinny-egg-salad-recipes/
|4 Easy, Skinny Meatloaf Muffin Recipes|,https://www.skinnykitchen.com/recipes/4-easy-skinny-meatloaf-muffin-recipes/
|4 Fantastic, Skinny Meatball Recipes|,https://www.skinnykitchen.com/recipes/4-fantastic-skinny-meatball-recipes/
4 Italian Pasta Favorites Made Skinny,https://www.skinnykitchen.com/recipes/4-italian-pasta-favorites-made-skinny/
|4 Quick, Easy and Skinny, Skillet Dinners|,https://www.skinnykitchen.com/recipes/4-quick-easy-and-skinny-skillet-dinners/
|4 Sensational, Skinny Salad Meals|,https://www.skinnykitchen.com/recipes/4-sensational-skinny-salad-meals/
4 Skinny Oatmeal Recipes You&#8217;ll Love,https://www.skinnykitchen.com/recipes/4-skinny-oatmeal-recipes-youll-love/
|4 Skinny, Hearty and Delicious Crock-Pot Dinners|,https://www.skinnykitchen.com/recipes/4-skinny-hearty-and-delicious-crock-pot-dinners/
|4 Yummy, Cheeseburger Recipes (No Bun Needed)|,https://www.skinnykitchen.com/recipes/4-yummy-cheeseburger-recipes-no-bun-needed/
|5 Star, Skinny Steak Salad with Dreamy Pomegranate-Balsamic Reduction Sauce|,https://www.skinnykitchen.com/recipes/5-star-skinny-steak-salad-with-dreamy-pomegranate-balsamic-reduction-sauce/
|6 Fantastic, Skinny Potato Recipes for the Holidays|,https://www.skinnykitchen.com/recipes/6-fantastic-skinny-potato-recipes-for-the-holidays/
|6 Spectacular, Skinny Steak Recipes|,https://www.skinnykitchen.com/recipes/6-spectacular-skinny-steak-recipes/
|6 Wonderful, Skinny Coleslaw Recipes|,https://www.skinnykitchen.com/recipes/6-wonderful-skinny-coleslaw-recipes/
|7 Decadent Tasting, Skinny Desserts For Labor Day Entertaining|,https://www.skinnykitchen.com/recipes/7-decadent-tasting-skinny-desserts-for-labor-day-entertaining/
|8 Amazing, Skinny Recipes Made with Bottled Barbecue Sauce|,https://www.skinnykitchen.com/recipes/8-amazing-skinny-recipes-made-with-bottled-barbecue-sauce/
|8 Skinny Tips For Successful Cake Baking and 2 Easy, Delectable Holiday Cake Recipes!|,https://www.skinnykitchen.com/recipes/8-skinny-tips-for-successful-cake-baking-and-2-easy-delectable-holiday-cake-recipes/
|A Decadent and Skinny, Apple Cheese Stuffed French Toast|,https://www.skinnykitchen.com/recipes/a-decadent-stuffed-french-toast-sandwich-with-apple-cheese-and-cinnamon-raisin-bread/
A Delicious Variety of Fall Roasted Vegetables,https://www.skinnykitchen.com/recipes/a-delicious-variety-of-fall-roasted-vegetables/
|A Delicious, Skinny, Fiber Rich Tuna Sandwich You’ll Just Love|,https://www.skinnykitchen.com/recipes/a-delicious-skinny-fiber-rich-tuna-sandwich-you%e2%80%99ll-just-love/
|A Great, Skinny Greek Salad|,https://www.skinnykitchen.com/recipes/a-great-skinny-greek-salad/
|A Harvest Delight, Baked Acorn Squash Soup|,https://www.skinnykitchen.com/recipes/a-harvest-delight-baked-acorn-squash-soup/
|A New Cabbage Soup Diet Soup, 0 FreeStyle SmartPoints (Asian Chicken and Veggies Stir-Fry Soup)|,https://www.skinnykitchen.com/recipes/a-new-cabbage-soup-diet-soup-only-1-smartpoints-asian-chicken-and-veggies-stir-fry-soup/
|A Spectacular, Skinny Cranberry Cheesecake|,https://www.skinnykitchen.com/recipes/a-spectacular-skinny-cranberry-cheesecake-torte/
|A Stupendous One Dish Wonder, Skinny Moroccan Chicken Stew|,https://www.skinnykitchen.com/recipes/a-stupendous-one-dish-wonder-moroccan-chicken-stew/
|A Wonderful, Skinny Chicken Dinner|,https://www.skinnykitchen.com/recipes/a-wonderful-skinny-chicken-dinner/
|A Yummy Grilled Turkey, Cheese and Slaw Panini|,https://www.skinnykitchen.com/recipes/grilled-turkey-cheese-and-slaw-panini-perfect-for-summer/
|A Yummy, Skinny Dinner for Any Day of the Week|,https://www.skinnykitchen.com/recipes/a-yummy-dinner-for-any-day-of-the-week/
|Absolutely Delicious, Skinny Beef and Bean Enchilada Casserole|,https://www.skinnykitchen.com/recipes/absolutely-delicious-skinny-beef-and-bean-enchilada-casserole/
|Air-Fryer Cheesy Kale Crisps (Vegan, Keto, Gluten-Free)|,https://www.skinnykitchen.com/recipes/air-fryer-cheesy-kale-crisps-vegan-keto-gluten-free/
Amazing Air Fryer French Fries,https://www.skinnykitchen.com/recipes/healthy-air-fryer-french-fries/
Amazing Skinny Chicken Fried Cauliflower Rice,https://www.skinnykitchen.com/recipes/amazing-skinny-chicken-fried-cauliflower-rice/
Amazing Skinny Red Velvet Cupcakes for Your Sweetheart,https://www.skinnykitchen.com/recipes/red-velvet-cupcakes/
Amazing Slow Roasted Chipotle Salmon,https://www.skinnykitchen.com/recipes/amazing-slow-roasted-chipotle-salmon/
|Amazing, Skinny Spinach Pesto (Gluten-free)|,https://www.skinnykitchen.com/recipes/amazing-skinny-spinach-pesto-gluten-free/
|Amazing, Vegan Oatmeal Chocolate Chip Cookies|,https://www.skinnykitchen.com/recipes/amazing-vegan-oatmeal-chocolate-chip-cookies/
Amazingly Delicious Turkey Barley and Sweet Potato Soup,https://www.skinnykitchen.com/recipes/turkey-barley-and-sweet-potato-soup/
|Amazingly Delicious, Skinny Hot and Sour Chicken Soup|,https://www.skinnykitchen.com/recipes/our-favorite-main-course-soup-these-days-hot-and-sour-chicken-soup/
Antipasto Tortellini Pasta Salad Made Skinny,https://www.skinnykitchen.com/recipes/antipasto-tortellini-pasta-salad-made-skinny/
|Apple Pie Oatmeal, Healthy and Super Yummy|,https://www.skinnykitchen.com/recipes/apple-pie-oatmeal-healthy-and-super-yummy/
|Arnold Palmer, A Refreshing Iced Tea|,https://www.skinnykitchen.com/recipes/arnold-palmer-a-refreshing-iced-tea/
|Autumn Salad with dried blueberries, pears, and pecans|,https://www.skinnykitchen.com/recipes/autumn-salad-with-dried-blueberries-pears-and-pecans/
|Bacon-Wrapped Chicken Tenders (Gluten-free, Paleo)|,https://www.skinnykitchen.com/recipes/bacon-wrapped-chicken-tenders-gluten-free-paleo/
Baked Garlic Parmesan Fries,https://www.skinnykitchen.com/recipes/baked-garlic-parmesan-fries/
Baked Sweet Potato Fries,https://www.skinnykitchen.com/recipes/sweet-potato-fries/
|Beyond Decadent, Skinny Lasagna Alfredo|,https://www.skinnykitchen.com/recipes/beyond-decadent-skinny-lasagna-alfredo/
|Caesar Asparagus, Low Calorie, Big on Deliciousness|,https://www.skinnykitchen.com/recipes/caesar-asparagus-low-calorie-big-on-deliciousness/
|Cajun Chicken Linguine Alfredo, Skinnyfied|,https://www.skinnykitchen.com/recipes/cajun-chicken-linguine-alfredo/
|Cauliflower Rice and Sausage Stuffing (Gluten-free, Paleo)  |,https://www.skinnykitchen.com/recipes/cauliflower-rice-and-sausage-stuffing-gluten-free-paleo-%e2%80%a8/
|Chicken à la King, a Classic Made Skinny|,https://www.skinnykitchen.com/recipes/chicken-a-la-king-a-classic-made-skinny/
Chicken Alfredo Pasta Bake Made Skinny,https://www.skinnykitchen.com/recipes/chicken-alfredo-pasta-bake-made-skinny/
|Chicken and Veggies Stir Fry, Low Calorie and Super Yummy|,https://www.skinnykitchen.com/recipes/chicken-and-veggies-stir-fry-low-calorie-and-super-yummy/
Chicken Enchilada and Potato Bowl (Instant Pot or Cooktop),https://www.skinnykitchen.com/recipes/chicken-enchilada-and-potato-bowl-instant-pot-or-cooktop/
|Chicken Fried Pork Chops, Skinnyfied (Air-Fryer)|,https://www.skinnykitchen.com/recipes/chicken-fried-pork-chops-skinnyfied-air-fryer/
|Chicken Pot Pie, Skinny-fied|,https://www.skinnykitchen.com/recipes/chicken-pot-pie/
|Chicken, Dumpling and Vegetable Skillet|,https://www.skinnykitchen.com/recipes/chicken-dumpling-and-vegetable-skillet/
|Chicken, Spaghetti and Eggplant Sauce for Only 326 calories|,https://www.skinnykitchen.com/recipes/chicken-spaghetti-and-eggplant-sauce-for-only-326-calories/
Chili Cheese Fries Made Guilt-Free (Taco Style),https://www.skinnykitchen.com/recipes/chili-cheese-fries-made-guilt-free-taco-style/
Country Fried Potatoes Made Skinny,https://www.skinnykitchen.com/recipes/country-fried-potatoes-made-skinny/
Cracker Barrel Hash Brown Casserole Made Skinny (Copy-Cat),https://www.skinnykitchen.com/recipes/cracker-barrel-hash-brown-casserole-made-skinny-copy-cat/
Creamy Chicken and Potato Soup Made Skinny,https://www.skinnykitchen.com/recipes/creamy-chicken-and-potato-soup-made-skinny/
|Crock Pot Rosemary Turkey Breasts, Tender and Juicy|,https://www.skinnykitchen.com/recipes/tender-juicy-and-fragrant-rosemary-turkey-breasts-made-in-a-crock-pot/
|Crock Pot, Skinny Chicken Teriyaki  |,https://www.skinnykitchen.com/recipes/crock-pot-skinny-chicken-teriyaki-%e2%80%a8/
Crock-Pot Black Bean Turkey Chili,https://www.skinnykitchen.com/recipes/crock-pot-black-bean-turkey-chili/
|Crock-Pot French Onion Soup, Skinny Style|,https://www.skinnykitchen.com/recipes/crock-pot-french-onion-soup-skinny-style/
|Crock-Pot, Barbecue Mini Meatballs|,https://www.skinnykitchen.com/recipes/crock-pot-barbecue-mini-meatballs/
|Crock-Pot, Hearty Minestrone Soup|,https://www.skinnykitchen.com/recipes/crock-pot-hearty-minestrone-soup/
|Crock-Pot, Italian Turkey Meatballs and Homemade Sauce|,https://www.skinnykitchen.com/recipes/crock-pot-italian-turkey-meatballs-and-homemade-sauce/
|Crock-Pot, Skinny Nacho Cheese Chicken Stew|,https://www.skinnykitchen.com/recipes/crock-pot-skinny-nacho-cheese-chicken-stew/
|Crock-Pot, Skinny Pepperoni Pizza Soup|,https://www.skinnykitchen.com/recipes/crock-pot-skinny-pepperoni-pizza-soup/
|Crock-Pot, Skinny Spiral Ham (Paleo, Gluten-free)|,https://www.skinnykitchen.com/recipes/crock-pot-skinny-spiral-ham-paleo-gluten-free/
|Crock-Pot, Skinny Tomato Beef Macaroni Stew|,https://www.skinnykitchen.com/recipes/crock-pot-skinny-tomato-beef-macaroni-stew/
|Crock-Pot, Skinny Tuscan Chicken and Beans|,https://www.skinnykitchen.com/recipes/crock-pot-skinny-tuscan-chicken-and-beans/
|Crock-Pot, Sweet and Sour Skinny Turkey Kielbasa Stew|,https://www.skinnykitchen.com/recipes/crock-pot-sweet-and-sour-skinny-turkey-kielbasa-stew/
|Dazzling, Skinny Chocolate Cherry Bundt Cake|,https://www.skinnykitchen.com/recipes/dazzling-skinny-chocolate-cherry-bundt-cake/
|Decadent 4 Cheese Mac and Cheese Tortellini, Skinnyfied|,https://www.skinnykitchen.com/recipes/decadent-4-cheese-mac-and-cheese-tortellini-skinnyfied/
|Delectable Skinny Salad with Fruits, Nuts and Cheese|,https://www.skinnykitchen.com/recipes/delectable-skinny-salad-with-fruits-nuts-and-cheese/
Delectable Turkey and Roasted Sweet Potatoes in a Main Course Salad,https://www.skinnykitchen.com/recipes/delectable-turkey-and-roasted-sweet-potatoes-in-a-main-course-salad/
|Delectably Skinny Chicken, Peppers and Onions Skillet|,https://www.skinnykitchen.com/recipes/delectably-skinny-chicken-peppers-and-onions-skillet/
Delicious and Nutritious Roasted Pumpkin Seeds,https://www.skinnykitchen.com/recipes/delicious-and-nutritious-roasted-pumpkin-seeds/
|Deliciously Healthy Chicken, Vegetable and Quinoa Soup|,https://www.skinnykitchen.com/recipes/deliciously-healthy-chicken-vegetable-and-quinoa-soup/
|Deliciously Healthy, Orange Dreamsicle Protein Shake|,https://www.skinnykitchen.com/recipes/deliciously-healthy-orange-dreamsicle-protein-shake/
|Deliciously Skinny, Chicken and Veggie Stir-Fry|,https://www.skinnykitchen.com/recipes/deliciously-skinny-chicken-and-veggie-stir-fry/
|Deliciously Skinny, Crock-Pot Lasagna|,https://www.skinnykitchen.com/recipes/deliciously-skinny-crock-pot-lasagna/
|Deliciously Skinny, Roasted Ratatouille|,https://www.skinnykitchen.com/recipes/deliciously-skinny-roasted-ratatouille/
Delightfully Light and Fiber Rich Chicken and White Bean Chili,https://www.skinnykitchen.com/recipes/delightfully-light-chicken-and-fiber-rich-white-bean-chili/
|Dreamy and Vegetarian, Spinach &#038; Cheese Tortellini Bake|,https://www.skinnykitchen.com/recipes/dreamy-and-vegetarian-spinach-cheese-tortellini-bake/
Dreamy Baked Sweet Potatoes With Skinny Ranch and Parmesan Cheese,https://www.skinnykitchen.com/recipes/dreamy-baked-sweet-potatoes-with-skinny-ranch-and-parmesan-cheese/
|Dreamy, Dairy Free, Skinny Mashed Potatoes|,https://www.skinnykitchen.com/recipes/dreamy-dairy-free-skinny-mashed-potatoes/
|Dreamy, Skinny Cilantro Ranch Dressing|,https://www.skinnykitchen.com/recipes/dreamy-skinny-cilantro-ranch-dressing/
|Dreamy, Skinny Lasagna Topped Chicken|,https://www.skinnykitchen.com/recipes/dreamy-skinny-lasagna-topped-chicken/
|Dreamy, Skinny Pumpkin Cake with Cream Cheese Frosting|,https://www.skinnykitchen.com/recipes/dreamy-skinny-pumpkin-cake-with-cream-cheese-frosting/
|Easy and Fantastic, Skinny Cranberry Turkey Breast  |,https://www.skinnykitchen.com/recipes/easy-and-fantastic-skinny-cranberry-turkey-breast%e2%80%a8%e2%80%a8/
|Easy and Low Calorie, Italian Chopped Salad Stuffed Shells Appetizer|,https://www.skinnykitchen.com/recipes/easy-and-low-calorie-italian-chopped-salad-stuffed-shells-appetizer/
|Easy Homemade Fresh Berry Preserves, with Reduced Sugar and No Canning Required|,https://www.skinnykitchen.com/recipes/easy-homemade-fresh-berry-preserves-with-reduced-sugar-and-no-canning-required/
|Easy Peasy, Skinny Crock-Pot Chicken|,https://www.skinnykitchen.com/recipes/easy-peasy-skinny-crock-pot-chicken/
|Easy to Make, Skinny Peppermint Ice Cream Bites|,https://www.skinnykitchen.com/recipes/easy-to-make-skinny-peppermint-ice-cream-bites/
|Easy, Crock-Pot Barbecue Chicken Breasts|,https://www.skinnykitchen.com/recipes/easy-crock-pot-barbecue-chicken-breasts/
|Easy, Low Calorie, Sweet and Sour Cabbage Roll Skillet|,https://www.skinnykitchen.com/recipes/skinny-sweet-and-sour-cabbage-roll-skillet-with-just-199-calories-a-serving/
|Easy, Skillet Chicken Tetrazzini Made Skinny|,https://www.skinnykitchen.com/recipes/easy-skillet-chicken-tetrazzini-made-skinny/
|Easy, Skinny Balsamic Rosemary Chicken|,https://www.skinnykitchen.com/recipes/easy-skinny-balsamic-rosemary-chicken/
|Easy, Skinny Maple Cappuccino (Paleo, Gluten-free, Dairy-free)|,https://www.skinnykitchen.com/recipes/easy-skinny-maple-cappuccino-paleo-gluten-free-dairy-free/
|Egg Whites, Lean Ham and Hash Browns Scramble|,https://www.skinnykitchen.com/recipes/egg-whites-lean-ham-and-hash-browns-scramble/
Elegant Shrimp Scampi Pasta Lightened Up,https://www.skinnykitchen.com/recipes/elegant-shrimp-scampi-pasta-lightened-up/
|Extravagant and Skinny, Apple Pie Topped Cheesecake|,https://www.skinnykitchen.com/recipes/apple-pie-topped-cheesecake/
|Fabulicious, Skinny Chicken Alfredo Gnocchi Bake|,https://www.skinnykitchen.com/recipes/fabulicious-skinny-chicken-alfredo-gnocchi-bake/
|Fabulous and Skinny, Shanghai Chicken Salad|,https://www.skinnykitchen.com/recipes/fabulous-and-skinny-shanghai-chicken-salad/
|Fabulous Braised Short Ribs Provençal, Lovely for Hanukkah or Christmas|,https://www.skinnykitchen.com/recipes/fabulous-braised-short-ribs-provencal/
|Fabulous, Lean Steak Stir-Fry, Better Than Takeout|,https://www.skinnykitchen.com/recipes/fabulous-lean-steak-stir-fry-better-than-takeout/
|Fabulous, Skinny Lemon Blueberry Coffee Cake Muffins|,https://www.skinnykitchen.com/recipes/fabulous-skinny-lemon-blueberry-coffee-cake-muffins/
|Fabulous, Skinny Tamale Pie|,https://www.skinnykitchen.com/recipes/fabulous-skinny-tamale-pie/
|Fabulously Healthy, Edamame, Spinach and Garlic Hummus|,https://www.skinnykitchen.com/recipes/fabulously-healthy-edamame-spinach-and-garlic-hummus/
|Fabulously Skinny, Vegetarian Spaghetti Casserole|,https://www.skinnykitchen.com/recipes/fabulously-skinny-vegetarian-spaghetti-casserole/
|Fantastic Healthy Granola (Gluten-Free, Vegan)|,https://www.skinnykitchen.com/recipes/fantastic-healthy-granola-gluten-free-vegan/
|Fantastic Pumpkin Spice Muffins (Paleo, Gluten-Free, Dairy-free)|,https://www.skinnykitchen.com/recipes/fantastic-pumpkin-spice-muffins-paleo-gluten-free-dairy-free/
Fantastic Roasted Cauliflower Chowder,https://www.skinnykitchen.com/recipes/fantastic-roasted-cauliflower-chowder/
|Fantastic, Skinny Blackened Tilapia|,https://www.skinnykitchen.com/recipes/fantastic-skinny-blackened-tilapia/
|Fantastically Healthy, Cauliflower Rice (Paleo and Gluten-free)|,https://www.skinnykitchen.com/recipes/fantastically-healthy-cauliflower-rice-paleo-and-gluten-free/
|Fiber Rich Chicken, Barley and Butternut Squash Soup|,https://www.skinnykitchen.com/recipes/fiber-rich-chicken-barley-and-butternut-squash-soup/
|Fiber Rich Roasted Parsnips, a Healthy Fries Alternative|,https://www.skinnykitchen.com/recipes/fiber-rich-roasted-parsnips-for-a-healthy-fries-alternative/
|Fiber Rich, Deli-Style Mushroom Barley Soup|,https://www.skinnykitchen.com/recipes/fiber-rich-deli-style-mushroom-barley-soup-delicious/
|Fiestaware, My All-Time Favorite Dishes|,https://www.skinnykitchen.com/recipes/fiestaware-my-all-time-favorite-dishes/
Fingerling Roasted Potatoes,https://www.skinnykitchen.com/recipes/fingerling-roasted-potatoes/
|For a Hearty and Healthy Fall Breakfast, Bake Some Pumpkin Bran Muffins!|,https://www.skinnykitchen.com/recipes/for-a-hearty-and-healthy-fall-breakfast-bake-some-pumpkin-bran-muffins/
|Fresh Strawberry Smoothie (Dairy-free, Gluten-free, Paleo)|,https://www.skinnykitchen.com/recipes/59156/
|Fresh Watermelon Smoothie (Dairy-free, Gluten-free, Vegan)|,https://www.skinnykitchen.com/recipes/fresh-watermelon-smoothie-dairy-free-gluten-free-vegan/
|Greek-Style Chicken and Roasted Potatoes, Low Calorie and Bursting with Flavor!|,https://www.skinnykitchen.com/recipes/greek-style-chicken-and-roasted-potatoes-low-calorie-and-bursting-with-flavor/
|Guilt-free Mashed Potatoes with Butter, Sour Cream and Chives|,https://www.skinnykitchen.com/recipes/guilt-free-mashed-potatoes-with-butter-sour-cream-and-chives/
Healthier Apple Oatmeal Rice Krispies Treats,https://www.skinnykitchen.com/recipes/healthier-apple-oatmeal-rice-krispies-treats/
Healthy Air Fryer Sweet Potato Fries,https://www.skinnykitchen.com/recipes/healthy-air-fryer-sweet-potato-fries/
|Healthy and Fun, Fresh Fruit Kebabs|,https://www.skinnykitchen.com/recipes/healthy-and-fun-fresh-fruit-kebabs/
Healthy Black Bean and Sausage Soup (Instant Pot or Crock-Pot),https://www.skinnykitchen.com/recipes/healthy-black-bean-and-sausage-soup-instant-pot-or-crock-pot/
Healthy Carrot Fries (Air Fryer),https://www.skinnykitchen.com/recipes/healthy-carrot-fries-air-fryer/
Healthy Lentil Pasta Mac and Cheese (Gluten-Free),https://www.skinnykitchen.com/recipes/healthy-lentil-pasta-mac-and-cheese-gluten-free/
Healthy Mexican Cauliflower Rice and Beans,https://www.skinnykitchen.com/recipes/healthy-mexican-cauliflower-rice-and-beans/
|Heart Healthy, Peanut Butter and Jelly Oatmeal|,https://www.skinnykitchen.com/recipes/heart-healthy-peanut-butter-and-jelly-oatmeal/
|Hearty and Healthy Split Pea, Ham and Barley Soup|,https://www.skinnykitchen.com/recipes/healthylicious-split-pea-ham-and-barley-soup-2/
|Hearty and Yummy, Heart Healthy Oatmeal With Berries|,https://www.skinnykitchen.com/recipes/hearty-and-yummy-heart-healthy-oatmeal-with-berries/
|Heavenly, Skinny Lemon Poppy Seed Bundt Cake|,https://www.skinnykitchen.com/recipes/heavenly-skinny-lemon-poppy-seed-bundt-cake/
|Homemade Watermelon Lemonade, the Perfect Summer Sipper|,https://www.skinnykitchen.com/recipes/homemade-watermelon-lemonade-the-perfect-summer-sipper/
|Huevos Rancheros, for a Deliciously Skinny Breakfast|,https://www.skinnykitchen.com/recipes/huevos-rancherosfor-a-deliciously-skinny-breakfast-or-brunch/
|In-N-Out Cheeseburgers, Animal Style, Made Skinny|,https://www.skinnykitchen.com/recipes/in-n-out-cheeseburger-animal-style-made-skinnier/
|Incredible, Skinny Roasted Garlic Mashers|,https://www.skinnykitchen.com/recipes/incredible-skinny-roasted-garlic-mashed-potatoes/
Just Delicious Baked Sweet Potatoes,https://www.skinnykitchen.com/recipes/just-delicious-baked-sweet-potatoes/
|Just in Time for Super Bowl, Skinny Pulled Pork or Chicken Sandwiches|,https://www.skinnykitchen.com/recipes/just-in-time-for-super-bowl-skinny-pulled-pork-or-chicken-sandwiches/
|Lemony Gourmet Fried Chicken, Skinnyfied|,https://www.skinnykitchen.com/recipes/lemony-gourmet-fried-chicken-skinnyfied/
|Lightened Up Turkey Sausage, Eggs and Tater Tots Casserole|,https://www.skinnykitchen.com/recipes/lightened-up-turkey-sausage-eggs-and-tater-tots-casserole/
|Loaded Mashed Potatoes, Skinnyfied|,https://www.skinnykitchen.com/recipes/loaded-mashed-potatoes-skinnyfied/
|Low Calorie and Delish, Coq au Vin|,https://www.skinnykitchen.com/recipes/low-calorie-and-delish-coq-au-vin/
Low Calorie Cheeseburger and Potato Casserole,https://www.skinnykitchen.com/recipes/low-calorie-cheeseburger-and-potato-casserole/
|Low Calorie Chicken, Bacon and Veggie Alfredo Skillet|,https://www.skinnykitchen.com/recipes/low-calorie-chicken-bacon-and-veggie-alfredo-skillet/
|Low Calorie Ham, Bean and Sweet Potato Soup (Crock-Pot)|,https://www.skinnykitchen.com/recipes/low-calorie-ham-bean-and-sweet-potato-soup-crock-pot/
|Low Calorie Hot Chocolate (Sugar-Free, Dairy-Free)|,https://www.skinnykitchen.com/recipes/low-calorie-hot-chocolate-sugar-free-dairy-free/
Low Calorie Mashed Potato Recipes,https://www.skinnykitchen.com/recipes/low-calorie-mashed-potato-recipes/
|Low Calorie Pumpkin Spice Latte (Dairy-free, Sugar-free)|,https://www.skinnykitchen.com/recipes/low-calorie-pumpkin-spice-latte-dairy-free-sugar-free/
|Low Calorie, Bacon Wrapped Hot Dogs (2 ingredients)|,https://www.skinnykitchen.com/recipes/low-calorie-bacon-wrapped-hot-dogs-2-ingredients/
|Low Calorie, Buffalo Ranch Chicken Salad|,https://www.skinnykitchen.com/recipes/low-calorie-buffalo-ranch-chicken-salad/
|Low Calorie, High Fiber Buffalo Turkey Chili|,https://www.skinnykitchen.com/recipes/low-calorie-high-fiber-buffalo-turkey-chili/
|Low Calorie, Vegetarian Spaghetti Squash Tomato Toss|,https://www.skinnykitchen.com/recipes/low-carb-vegetarian-spaghetti-squash-tomato-toss/
|Low Carb Salad on a Stick, Italian-Style|,https://www.skinnykitchen.com/recipes/low-carb-salad-on-a-stick-italian-style/
|Low Carb, Baked Eggs and Tomato Topping|,https://www.skinnykitchen.com/recipes/%ef%bb%bfskinny-baked-eggs-and-fresh-tomato-topping/
|Low Carb, Gluten Free Zucchini Bruschetta|,https://www.skinnykitchen.com/recipes/low-carb-zucchini-bruschetta/
|Low Fat and Dreamy, Chicken Stroganoff|,https://www.skinnykitchen.com/recipes/low-fat-and-dreamy-chicken-stroganoff/
|Low Fat Three Cheese Mac and Cheese, Made From a Box But Healthier|,https://www.skinnykitchen.com/recipes/low-fat-three-cheese-mac-and-cheese-made-from-a-box-but-healthier/
|Low Fat, Barbecue Turkey Chili Potato Skillet|,https://www.skinnykitchen.com/recipes/low-fat-barbecue-turkey-chili-potato-skillet/
|Magnifico, Skinny Penne Alla Vodka Sauce|,https://www.skinnykitchen.com/recipes/penne-alla-vodka-sauce/
|Make at Home-Jamba Juice’s Pomegranate Paradise Smoothie, Delightful and Dairy Free|,https://www.skinnykitchen.com/recipes/make-at-home-jamba-juices-pomegranate-paradise-smoothie-delightful-and-dairy-free/
Make Olive Garden’s Delicious Pasta Fagioli at Home,https://www.skinnykitchen.com/recipes/make-olive-gardens-delicious-pasta-fagioli-at-home/
Maple Balsamic Roasted Brussels Sprouts,https://www.skinnykitchen.com/recipes/maple-balsamic-roasted-brussels-sprouts/
|Mediterranean Salad, Skinny and Delicious|,https://www.skinnykitchen.com/recipes/mediterranean-salad-skinny-and-delicious/
|Meeting a Food Blogging Friend in Athens, Greece|,https://www.skinnykitchen.com/recipes/meeting-a-food-blogging-friend-in-athens-greece/
|Memorial Day is Monday, May 31, 2010|,https://www.skinnykitchen.com/recipes/memorial-day-is-monday-may-31st/
|Mexican Style Cobb Salad, So Deliciously Satisfying and Low in Calories|,https://www.skinnykitchen.com/recipes/mexican-style-cobb-salad-so-deliciously-satisfying-and-low-in-calories/
|Mixed Berry Chicken Salad with a Yummy, Skinny Raspberry Ranch Dressing|,https://www.skinnykitchen.com/recipes/chicken-and-berry-salad-with-a-yummy-skinny-raspberry-ranch-dressing/
Moist and Easy Homemade Banana Bread Chock-full of Whole Wheat Goodness,https://www.skinnykitchen.com/recipes/moist-and-easy-homemade-banana-bread-chockfull-of-whole-wheat-goodness/
|Navy Bean, Spinach and Kielbasa Soup|,https://www.skinnykitchen.com/recipes/navy-bean-spinach-and-kielbasa-soup/
|Nutritious, Vegetable Barley Soup|,https://www.skinnykitchen.com/recipes/nutritious-and-delicious-garden-vegetable-soup/
Oatmeal and Bananas in a Muffin!,https://www.skinnykitchen.com/recipes/oatmeal-and-bananas-in-a-muffin/
Oatmeal Coconut Dreams with White Chocolate and Butterscotch Chips (Gluten Free),https://www.skinnykitchen.com/recipes/oatmeal-coconut-dreams-with-white-chocolate-and-butterscotch-chips-gluten-free/
|Oh Boy, Skinny Taco Night|,https://www.skinnykitchen.com/recipes/oh-boy-skinny-taco-night/
|Outrageously Delicious, Skinny Au Gratin Potatoes|,https://www.skinnykitchen.com/recipes/outrageously-delicious-skinny-au-gratin-potatoes/
Oven Roasted Balsamic Carrots,https://www.skinnykitchen.com/recipes/oven-roasted-balsamic-carrots/
|Panda Express Kung Pao Chicken, Skinnyfied|,https://www.skinnykitchen.com/recipes/panda-express-kung-pao-chicken-skinnyfied/
Panda Express Sweet Fire Chicken (Copy-Cat),https://www.skinnykitchen.com/recipes/panda-express-sweet-fire-chicken-copy-cat/
Panda&#8217;s Fried Rice with Cauliflower Rice (Copy-Cat),https://www.skinnykitchen.com/recipes/pandas-fried-rice-with-cauliflower-rice-copy-cat/
Panda’s String Bean Chicken Breast (Copy-cat),https://www.skinnykitchen.com/recipes/pandas-string-bean-chicken-breast-copy-cat/
|Panera Egg White, Avocado and Spinach Power Breakfast Sandwich (Copycat)|,https://www.skinnykitchen.com/recipes/panera-egg-white-avocado-and-spinach-power-breakfast-sandwich-copycat/
Perfect For Autumn&#8230;Hearty Beef and Barley Vegetable Soup,https://www.skinnykitchen.com/recipes/beef-and-barley-vegetable-soup/
|Pistachio Cake, Easy to Make and Deliciously Skinny|,https://www.skinnykitchen.com/recipes/pistachio-cake-easy-to-make-and-deliciously-skinny/
|Pumpkin Oat Muffins (Dairy-Free, Gluten-Free, Sugar-Free)|,https://www.skinnykitchen.com/recipes/pumpkin-oat-muffins-dairy-free-gluten-free-sugar-free/
|Rich and Dreamy, Skinny Creamed Spinach|,https://www.skinnykitchen.com/recipes/low-fat-creamed-spinach-recipe/
Roasted Asian-Style Lean Pork Tenderloin,https://www.skinnykitchen.com/recipes/roasted-asian-style-lean-pork-tenderloin-dinner/
Roasted Edamame&#8230;Perfect for an Light Appetizer or Snack,https://www.skinnykitchen.com/recipes/roasted-edamame/
|Sandwich Bros. Deliciously, Easy Protein-Packed Sandwiches|,https://www.skinnykitchen.com/recipes/sandwich-bros-deliciously-easy-protein-packed-sandwiches/
|Sausages, Peppers and Onions Made Deliciously Skinny|,https://www.skinnykitchen.com/recipes/sausages-peppers-and-onions-made-deliciously-skinny/
Sensational Loaded Ranch Potato Salad Made Skinny (hot or cold),https://www.skinnykitchen.com/recipes/sensational-loaded-ranch-potato-salad-made-skinny-hot-or-cold/
|Sensational Maple Salmon (Gluten-free, Paleo)|,https://www.skinnykitchen.com/recipes/sensational-maple-salmon-gluten-free-paleo/
|Sensational, Skinny Turkey Barley Soup|,https://www.skinnykitchen.com/recipes/sensational-skinny-turkey-barley-soup/
Shrimp Fried Rice Made Skinny,https://www.skinnykitchen.com/recipes/shrimp-fried-rice-made-skinny/
Simple and Delicious Roasted Asparagus,https://www.skinnykitchen.com/recipes/roasted-asparagus/
|Simple to Make and Very Healthy, Pineapple Brown Rice|,https://www.skinnykitchen.com/recipes/simple-to-make-and-very-healthy-pineapple-brown-rice/
|Simple, Summertime Fresh Roasted Marinara Sauce, You&#8217;ll Love|,https://www.skinnykitchen.com/recipes/simple-summertime-fresh-roasted-marinara-sauce-you-will-love/
|Simple, Tasty and Skinny, Egg Salad Sandwich|,https://www.skinnykitchen.com/recipes/simple-tasty-and-skinny-egg-salad-sandwich/
|Simply, Skinny Crunchy Slaw|,https://www.skinnykitchen.com/recipes/simply-skinny-crunchy-slaw/
|Sinfully Rich and Skinny Macaroni &#038; Cheese, Italian-Style|,https://www.skinnykitchen.com/recipes/sinfully-rich-and-skinny-macaroni-cheese-italian-style/
|Skinny Alfredo, Tuna Noodle Casserole|,https://www.skinnykitchen.com/recipes/skinny-alfredo-tuna-noodle-casserole/
Skinny and Delicious Party Potato Pancakes (Latkes),https://www.skinnykitchen.com/recipes/party-latkes-pancakes/
|Skinny and Dreamy, Vegetarian Broccolini Risotto|,https://www.skinnykitchen.com/recipes/skinny-and-dreamy-broccolini-risotto/
|Skinny and Hearty, Antipasto Main Course Salad|,https://www.skinnykitchen.com/recipes/hearty-and-skinny-antipasto-main-course-salad/
|Skinny and Sugar Free, Apples Pie Stuffed French Toast|,https://www.skinnykitchen.com/recipes/skinny-and-sugar-free-apples-pie-stuffed-french-toast/
|Skinny and Super Yummy, Chicken Sausage Breakfast Sandwich|,https://www.skinnykitchen.com/recipes/skinny-and-super-yummy-chicken-sausage-breakfast-sandwich/
|Skinny and Vegetarian, Mexican Mac and Cheese Casserole|,https://www.skinnykitchen.com/recipes/skinny-and-vegetarian-mexican-mac-and-cheese-casserole/
|Skinny Apple Cider Blended Drink (Dairy-free, Gluten-free)|,https://www.skinnykitchen.com/recipes/skinny-apple-cider-blended-drink-dairy-free-gluten-free/
|Skinny Bacon, Eggs and Potatoes Breakfast Quiche|,https://www.skinnykitchen.com/recipes/skinny-bacon-eggs-and-potatoes-breakfast-quiche/
Skinny Beef Burrito and Cauliflower Rice Bowls,https://www.skinnykitchen.com/recipes/skinny-beef-burrito-and-cauliflower-rice-bowls/
|Skinny Beef, Vegetable and Barley Soup (Crock Pot or Stove Top)|,https://www.skinnykitchen.com/recipes/skinny-beef-vegetable-and-barley-soup-stove-top-or-crock-pot/
|Skinny Bistro-Style Meal For Brunch, Lunch or Dinner|,https://www.skinnykitchen.com/recipes/a-lovely-skinny-bistro-style-meal-for-brunch-lunch-or-even-dinner/
|Skinny Blue Cheese Dressing, 20 Calories a Tablespoon!|,https://www.skinnykitchen.com/recipes/skinny-blue-cheese-dressing-20-calories-a-tablespoon/
|Skinny Breakfast Taco, a Fun Way to Start the Day |,https://www.skinnykitchen.com/recipes/skinny-breakfast-taco/
|Skinny Buffalo Chicken Lasagna, Mexican Style|,https://www.skinnykitchen.com/recipes/skinny-buffalo-chicken-lasagna-mexican-style/
Skinny Chicken Alfredo and Wild Rice Casserole,https://www.skinnykitchen.com/recipes/low-calorie-and-super-delicious-chicken-alfredo-and-wild-rice-casserole/
|Skinny Chicken Caesar BLT, Main Course Salad|,https://www.skinnykitchen.com/recipes/freshfabulous-and-skinny-blt-chicken-caesar-main-course-salad/
Skinny Chicken Enchilada Stuffed Pasta Shells,https://www.skinnykitchen.com/recipes/skinny-chicken-enchilada-stuffed-pasta-shells/
|Skinny Chicken Pot Pie, Italiano|,https://www.skinnykitchen.com/recipes/luxuriously-rich-skinny-chicken-pot-pie-italiano/
|Skinny Chicken Sausages, Potatoes and Sauerkraut Skillet with al fresco Chicken Sausages|,https://www.skinnykitchen.com/recipes/skinny-chicken-sausages-potatoes-and-sauerkraut-skillet-with-al-fresco-chicken-sausages/
Skinny Chicken Stroganoff Stuffed Potato,https://www.skinnykitchen.com/recipes/skinny-chicken-stroganoff-stuffed-potato/
|Skinny Chicken, Vegetable and Stuffing Casserole|,https://www.skinnykitchen.com/recipes/skinny-chicken-vegetable-and-stuffing-casserole-2/
|Skinny Chinese Chicken Salad Bites, 16 calories each!|,https://www.skinnykitchen.com/recipes/skinny-chinese-chicken-salad-bites-16-calories-each/
|Skinny Eggs, Spinach and Tomato in English Muffin Cups|,https://www.skinnykitchen.com/recipes/delectable-egg-filled-cups-for-a-skinny-brunch/
Skinny Fries,https://www.skinnykitchen.com/recipes/skinny-fries/
|Skinny Garlic Chicken, Wonderfully Easy and Delicious|,https://www.skinnykitchen.com/recipes/skinny-garlic-chicken-amazingly-easy-and-delicious/
|Skinny Garlic Mashers (Dairy-Free, Gluten-Free)|,https://www.skinnykitchen.com/recipes/skinny-garlic-mashers-dairy-free-gluten-free/
Skinny Greek-Style Meatballs over Whole Wheat Couscous,https://www.skinnykitchen.com/recipes/skinny-greek-style-meatballs-over-whole-wheat-couscous/
|Skinny Ham, Spinach &#038; Cheese Pasta Casserole|,https://www.skinnykitchen.com/recipes/skinny-ham-spinach-and-two-cheese-pasta-casserole/
Skinny Hash Brown Muffins ,https://www.skinnykitchen.com/recipes/skinny-hash-brown-muffins%e2%80%a8/
|Skinny Hash Browns, Bacon and Eggs Breakfast Casserole|,https://www.skinnykitchen.com/recipes/skinny-hash-browns-bacon-and-eggs-breakfast-casserole/
Skinny Hawaiian Pizza Stuffed Zucchini,https://www.skinnykitchen.com/recipes/skinny-hawaiian-pizza-stuffed-zucchini/
|Skinny Italian Stuffed Shells, a Vegetarian Delight|,https://www.skinnykitchen.com/recipes/skinny-italian-stuffed-shells-a-vegetarian-delight/
Skinny Korean Beef and Cauliflower Rice Bowls,https://www.skinnykitchen.com/recipes/skinny-korean-beef-and-cauliflower-rice-bowls/
|Skinny Lasagna, Fabulous and Noodle Free  (Gluten-Free)|,https://www.skinnykitchen.com/recipes/skinny-lasagna-fabulous-and-noodle-free%e2%80%a8/
|Skinny Lemon Glazed Chicken, Sweet and Sassy|,https://www.skinnykitchen.com/recipes/skinny-lemon-glazed-chicken-to-wake-up-your-taste-buds/
Skinny Mash Potatoes,https://www.skinnykitchen.com/recipes/low-fat-mashed-potatoes/
|Skinny Matzo Brei With Fresh Spinach, Garlic and Onions|,https://www.skinnykitchen.com/recipes/skinny-matzo-brei-with-fresh-spinach-garlic-and-onions/
|Skinny Meatloaf, Italian-Style|,https://www.skinnykitchen.com/recipes/skinny-meatloaf-italian-style/
Skinny Mexican Chicken and Brown Rice Casserole,https://www.skinnykitchen.com/recipes/skinny-mexican-chicken-and-brown-rice-casserole/
|Skinny Mexican-Style, Stuffed Peppers|,https://www.skinnykitchen.com/recipes/skinny-mexican-stuffed-peppers/
Skinny Mini Passover Potato Pancakes Appetizer,https://www.skinnykitchen.com/recipes/skinny-mini-passover-potato-pancakes-appetizer/
Skinny Mini Potato Pancakes Appetizer (Latkes),https://www.skinnykitchen.com/recipes/skinny-mini-potato-pancakes-appetizer-latkes/
|Skinny Mini Reuben Appetizers, Low Calorie and Delectable|,https://www.skinnykitchen.com/recipes/low-calorie-and-delectable-skinny-mini-reuben-appetizers/
Skinny Oatmeal Dark Chocolate Chippers (Gluten Free),https://www.skinnykitchen.com/recipes/skinny-oatmeal-dark-chocolate-chippers-gluten-free/
Skinny Old Fashioned Popcorn,https://www.skinnykitchen.com/recipes/skinny-old-fashion-popcorn/
|Skinny Orange Shredded Chicken, Baked or Crock-Pot|,https://www.skinnykitchen.com/recipes/skinny-orange-shredded-chicken-baked-or-crock-pot/
|Skinny Potato Salad, Caesar Style|,https://www.skinnykitchen.com/recipes/skinny-potato-salad-caesar-style/
Skinny Pumpkin Pie Oatmeal,https://www.skinnykitchen.com/recipes/skinny-pumpkin-pie-oatmeal/
Skinny Ranch Potato Salad,https://www.skinnykitchen.com/recipes/meet-your-new-favorite-potato-salad%e2%80%a6/
Skinny Red Velvet Cake,https://www.skinnykitchen.com/recipes/skinny-red-velvet-cake-to-celebrate-my-son-charlies-birthday-today/
Skinny Red Velvet Cupcakes,https://www.skinnykitchen.com/recipes/skinny-red-velvet-cupcakes/
|Skinny Salisbury Steak, a Diner Classic|,https://www.skinnykitchen.com/recipes/skinny-salisbury-steak-a-diner-classic/
|Skinny Sausage, Tortellini and Kale Tomato Soup|,https://www.skinnykitchen.com/recipes/skinny-sausage-tortellini-and-kale-tomato-soup/
Skinny Scalloped Sweet Potato Casserole,https://www.skinnykitchen.com/recipes/skinny-scalloped-sweet-potato-casserole/
|Skinny Scrambled Egg Whites, Bacon, Toast Cups|,https://www.skinnykitchen.com/recipes/skinny-bacon-and-scrambled-egg-white-cups/
|Skinny Steak, Strawberries and Gorgonzola With a Dreamy Balsamic Reduction|,https://www.skinnykitchen.com/recipes/skinny-and-elegant-steak-strawberries-and-gorgonzola-with-a-dreamy-balsamic-reduction/
Skinny Taco Bowls with Cauliflower Rice,https://www.skinnykitchen.com/recipes/skinny-taco-bowls-with-cauliflower-rice/
Skinny Thai Chicken and Peanut Noodles,https://www.skinnykitchen.com/recipes/skinny-thai-chicken-and-peanut-noodles/
|Skinny Thai Chicken, Peanut and Cauliflower Rice Stir-Fry|,https://www.skinnykitchen.com/recipes/skinny-thai-chicken-peanut-and-cauliflower-rice-stir-fry/
|Skinny Thai Peanut, Vegetables and Brown Rice Skillet|,https://www.skinnykitchen.com/recipes/skinny-thai-peanut-vegetables-and-brown-rice-skillet/
|Skinny Tortilla Soup, Vegetarian-Style|,https://www.skinnykitchen.com/recipes/skinny-tortilla-soup-vegetarian-style/
Skinny Zucchini Parmesan,https://www.skinnykitchen.com/recipes/skinny-zucchini-parmesan/
|Skinny, Crock-Pot Balsamic Pork Tenderloin|,https://www.skinnykitchen.com/recipes/skinny-%ef%bb%bfcrock-pot-balsamic-pork-tenderloin/
|Skinny, Decadent, Dark Chocolate Cupcakes to Celebrate Skinny Kitchen&#8217;s 1st Birthday!|,https://www.skinnykitchen.com/recipes/skinny-decadent-dark-chocolate-cupcakes-to-celebrate-our-first-birthday/
|Skinny, Delectable Passover Magic Bars|,https://www.skinnykitchen.com/recipes/delectable-passover-magic-bars/
|Skinny, Dreamy, Apricot Chicken|,https://www.skinnykitchen.com/recipes/skinny-dreamy-apricot-chicken/
|Skinny, Easy, Chicken Enchilada Skillet|,https://www.skinnykitchen.com/recipes/skinny-easy-chicken-enchilada-skillet/
|Skinny, Hearty, Italian-Style Pot Roast|,https://www.skinnykitchen.com/recipes/a-new-skinny-twist-on-a-family-favorite-hearty-italian-style-pot-roast-made-skinny/
|Skinny, Mini Burgers on a Stick|,https://www.skinnykitchen.com/recipes/skinny-mini-burgers-on-a-stick/
|Skinny, Mini Eggplant Parmesan Pizzas|,https://www.skinnykitchen.com/recipes/skinny-mini-eggplant-parmesan-pizzas/
|Skinny, Mini Mexican Meatball Tostada Appetizers|,https://www.skinnykitchen.com/recipes/skinny-mini-mexican-meatball-tostada-appetizers/
|Skinny, Mini Strawberry Tarts|,https://www.skinnykitchen.com/recipes/skinny-mini-strawberry-tarts/
|Skinny, Mini Tuna Melts|,https://www.skinnykitchen.com/recipes/skinny-mini-tuna-melts/
|Skinny, Mini, Meringue Kisses for Valentine’s Day|,https://www.skinnykitchen.com/recipes/skinny-mini-meringue-kisses-for-valentines-day/
|Skinny, Mini, Pigs In a Blanket (2 ingredients)|,https://www.skinnykitchen.com/recipes/skinny-mini-pigs-in-the-blanket-2-ingredients/
|Skinny, Skillet Sausages and Cauliflower Rice|,https://www.skinnykitchen.com/recipes/skinny-skillet-sausages-and-cauliflower-rice/
|Skinny, Southwest Chicken Burgers on Top of Low Fat Cornbread|,https://www.skinnykitchen.com/recipes/southwest-chicken-burgers-on-top-of-low-fat-cornbread-mmm/
|Skinny, Turkey Dinner in a Salad Bowl|,https://www.skinnykitchen.com/recipes/turkey-roasted-sweet-potato-salad/
|Skinny, Vegetarian Hash Browns and Eggs Breakfast Casserole|,https://www.skinnykitchen.com/recipes/skinny-vegetarian-hash-browns-and-eggs-breakfast-casserole/
|Skinny, Vegetarian Quinoa Enchilada Casserole|,https://www.skinnykitchen.com/recipes/skinny-vegetarian-quinoa-enchilada-casserole/
SkinnyItalian Zucchini Boats,https://www.skinnykitchen.com/recipes/skinnyitalian-zucchini-boats/
Skinnylightful Chicken Fried Rice,https://www.skinnykitchen.com/recipes/skinnylightful-chicken-fried-rice/
Skinnylightful Turkey Meatballs and Cauliflower Rice Soup,https://www.skinnykitchen.com/recipes/skinnylightful-turkey-meatballs-and-cauliflower-rice-soup/
|So Yummy, Sloppy Joe Cauliflower Rice|,https://www.skinnykitchen.com/recipes/so-yummy-sloppy-joe-cauliflower-rice/
|South of the Border, Skinny Cornbread Casserole|,https://www.skinnykitchen.com/recipes/south-of-the-border-skinny-vegetarian-cornbread-casserole/
Spectacular Roasted Vegetable Torte,https://www.skinnykitchen.com/recipes/spectacular-roasted-vegetable-torte/
|Spicylicious, Skinny &#8220;Hot Wings&#8221; Lettuce Wraps|,https://www.skinnykitchen.com/recipes/spicylicious-skinny-hot-wings-lettuce-wraps/
|Springtime Ham, Asparagus and Cheese Melt|,https://www.skinnykitchen.com/recipes/springtime-ham-and-cheese-melt/
|Stuffed Pepperoni Pizza Melt, Low in Calories, Big on Taste|,https://www.skinnykitchen.com/recipes/stuffed-pepperoni-pizza-melt-low-in-calories-big-on-taste/
|Super Easy, Low Calorie Breakfast Quiche|,https://www.skinnykitchen.com/recipes/super-easy-low-calorie-breakfast-quiche/
|Super Easy, Low Calorie Chicken Caesar Salad Stuffed Shells|,https://www.skinnykitchen.com/recipes/low-calorie-chicken-caesar-salad-stuffed-shells/
|Super Easy, Skinny Recipes to Enjoy All Week Long|,https://www.skinnykitchen.com/recipes/super-easy-skinny-recipes-to-enjoy-all-weekend-long/
Super Fiber Rich Black Bean Soup,https://www.skinnykitchen.com/recipes/super-fiber-rich-black-bean-soup/
|Super Healthy and Delicious, Chinese Chicken Vegetable Soup|,https://www.skinnykitchen.com/recipes/super-healthy-and-delicious-chinese-chicken-vegetable-soup/
Super Healthy Roasted Brussels Sprouts,https://www.skinnykitchen.com/recipes/super-healthy-roasted-brussels-sprouts/
|Super Healthy, Beef Vegetable Quinoa Stew|,https://www.skinnykitchen.com/recipes/super-healthy-beef-vegetable-quinoa-stew/
|Super Healthy, Garlic Sauteed Spinach (Keto)|,https://www.skinnykitchen.com/recipes/eat-your-spinach-that-is-garlic-sauteed-spinach/
|Super Moist, Skinny Carrot Cake Bran Muffins|,https://www.skinnykitchen.com/recipes/super-moist-skinny-carrot-cake-bran-muffins/
Super Skinny Sweet and Sour Cabbage Soup,https://www.skinnykitchen.com/recipes/super-skinny-sweet-and-sour-cabbage-soup/
Super Skinny Sweet and Sour Chicken,https://www.skinnykitchen.com/recipes/super-skinny-sweet-and-sour-chicken/
|Super Yummy, Low Fat Noodle Pudding Casserole|,https://www.skinnykitchen.com/recipes/super-yummy-low-fat-noodle-pudding-casserole/
Sweet Chili Lemon Chicken,https://www.skinnykitchen.com/recipes/sweet-chili-lemon-chicken/
Sweet Chili Shrimp and Veggie Stir Fry over Cauliflower Rice,https://www.skinnykitchen.com/recipes/sweet-chili-shrimp-and-veggie-stir-fry-over-cauliflower-rice/
Sweet Potato &#038; Black Bean Stew (Gluten-Free),https://www.skinnykitchen.com/recipes/sweet-potato-black-bean-stew-gluten-free/
Sweet Potato Turkey Chili (Crock-Pot),https://www.skinnykitchen.com/recipes/sweet-potato-turkey-chili-crock-pot/
|Sweet, Lemony and Fabulous Tilapia|,https://www.skinnykitchen.com/recipes/sweet-lemony-and-fabulous-fish-tilapia/
|The Most Decadent Cornbread Casserole Ever, Made Skinny|,https://www.skinnykitchen.com/recipes/the-most-decadent-cornbread-casserole-ever-made-skinny/
The Season&#8217;s Best Fresh Roasted Vegetable Salad,https://www.skinnykitchen.com/recipes/the-seasons-best-fresh-roasted-vegetable-salad/
Third Place Winner-Jelly Bean Biscotti,https://www.skinnykitchen.com/recipes/third-place-winner-jelly-bean-biscotti/
White Bean and Bacon Soup (Instant Pot or Crock-Pot),https://www.skinnykitchen.com/recipes/white-bean-and-bacon-soup-instant-pot-or-crock-pot/
|Ya Baby, Skinny Baked Pizza Dip|,https://www.skinnykitchen.com/recipes/ya-baby-skinny-baked-pizza-dip/
Yellow Squash Noodles with Skinny Garlic Butter,https://www.skinnykitchen.com/recipes/summer-squash-noodles-with-skinny-garlic-butter/
Yummy Chicken Barley Soup,https://www.skinnykitchen.com/recipes/tyummy-turkey-barley-soup/
Yummy Mashed Butternut Squash,https://www.skinnykitchen.com/recipes/mashed-butternut-squash/
|Yummy, Skinny Fried Chicken|,https://www.skinnykitchen.com/recipes/skinny-fried-chicken/
|Zoodles with Sausage Pasta Sauce (Gluten-free, Paleo)|,https://www.skinnykitchen.com/recipes/zoodles-with-sausage-pasta-sauce-gluten-free-paleo/
|“No Bake” Skinny Strawberry Shortcake Trifle, Ready in Minutes!|,https://www.skinnykitchen.com/recipes/%e2%80%9cno-bake%e2%80%9d-skinny-strawberry-shortcake-trifle-ready-in-minutes/
|﻿Chicken, Brown Rice and Vegetable Soup|,https://www.skinnykitchen.com/recipes/%ef%bb%bfchicken-brown-rice-and-vegetable-soup/
﻿Crock-Pot Sweet and Sour Pork Made Skinny,https://www.skinnykitchen.com/recipes/%ef%bb%bfcrock-pot-sweet-and-sour-pork-made-skinny/
﻿Skinny Double Chocolate Oatmeal Chippers (Gluten Free),https://www.skinnykitchen.com/recipes/%ef%bb%bfskinny-double-chocolate-oatmeal-chippers-gluten-free/
|﻿Skinny, Crunchy, Vietnamese Chicken Salad|,https://www.skinnykitchen.com/recipes/%ef%bb%bfskinny-crunchy-vietnamese-chicken-salad/
|﻿Skinny, Greek-Style Vegetarian Pizza, Ready in 10 Minutes!|,https://www.skinnykitchen.com/recipes/%ef%bb%bfskinny-greek-style-vegetarian-pizza-ready-in-10-minutes/
|﻿Skinny, Pizza Flavored Pigs in a Blanket|,https://www.skinnykitchen.com/recipes/%ef%bb%bfskinny-pizza-flavored-pigs-in-a-blanket/
